1,Test User 1,18,F,Professor,569996
2,Test User 2,24,F,Writer,833292
3,Test User 3,41,F,Lawyer,781056
4,Test User 4,39,F,Salesman,731305
5,Test User 5,22,F,Professor,644189
6,Test User 6,30,M,Executive,403058
7,Test User 7,20,M,Technician,972129
8,Test User 8,18,F,Programmer,744921
9,Test User 9,43,F,Other,138048
10,Test User 10,26,M,Engineer,364323
11,Test User 11,29,F,None,892912
12,Test User 12,32,F,HomeMaker,372490
13,Test User 13,34,M,Writer,200470
14,Test User 14,29,F,Other,245186
15,Test User 15,42,F,Farmer,690557
16,Test User 16,30,F,Retired,796549
17,Test User 17,29,M,HealthCare,775882
18,Test User 18,28,M,Administrator,311204
19,Test User 19,26,F,HomeMaker,699628
20,Test User 20,42,M,BusinessMan,324205
21,Test User 21,18,M,Writer,670134
22,Test User 22,29,M,Librarian,427292
23,Test User 23,24,M,Student,350015
24,Test User 24,27,M,Doctor,813271
25,Test User 25,17,M,Student,300413
26,Test User 26,23,F,Teacher,381424
27,Test User 27,33,M,Other,869968
28,Test User 28,21,M,Writer,671315
29,Test User 29,18,M,Student,462527
30,Test User 30,41,F,Retired,336806
31,Test User 31,37,F,Artist,673178
32,Test User 32,24,M,Professor,649847
33,Test User 33,25,F,Librarian,226653
34,Test User 34,40,F,Teacher,968086
35,Test User 35,25,M,Programmer,763201
36,Test User 36,27,M,Other,655874
37,Test User 37,23,F,Marketing,628230
38,Test User 38,43,M,BusinessMan,170470
39,Test User 39,37,M,BusinessMan,155256
40,Test User 40,37,M,Teacher,469699
41,Test User 41,30,F,Engineer,376214
42,Test User 42,31,M,Technician,119535
43,Test User 43,36,F,Retired,426490
44,Test User 44,30,M,Writer,368968
45,Test User 45,34,F,Writer,912017
46,Test User 46,16,M,Teacher,237296
47,Test User 47,43,F,Retired,283605
48,Test User 48,39,M,None,325643
49,Test User 49,23,F,Technician,819156
50,Test User 50,26,M,None,508964
51,Test User 51,16,M,Other,147846
52,Test User 52,37,F,Professor,886993
53,Test User 53,23,M,Technician,472470
54,Test User 54,21,F,Salesman,483734
55,Test User 55,18,F,Administrator,312907
56,Test User 56,29,F,Marketing,851730
57,Test User 57,39,M,HomeMaker,482487
58,Test User 58,43,F,Retired,626264
59,Test User 59,24,M,Librarian,231304
60,Test User 60,29,M,HealthCare,185726
61,Test User 61,39,M,HomeMaker,601594
62,Test User 62,34,F,HomeMaker,241075
63,Test User 63,34,M,Scientist,262563
64,Test User 64,26,F,Salesman,621755
65,Test User 65,24,M,Technician,425340
66,Test User 66,25,F,Administrator,414306
67,Test User 67,16,M,Farmer,994314
68,Test User 68,17,M,BusinessMan,832158
69,Test User 69,16,F,Technician,555553
70,Test User 70,35,M,Programmer,861728
71,Test User 71,22,F,Administrator,580757
72,Test User 72,31,F,Artist,841089
73,Test User 73,29,M,Salesman,225256
74,Test User 74,33,F,Librarian,905222
75,Test User 75,22,F,Technician,320699
76,Test User 76,21,M,Professor,120785
77,Test User 77,23,M,BusinessMan,718726
78,Test User 78,28,M,Lawyer,577734
79,Test User 79,29,M,Other,252962
80,Test User 80,30,M,Student,482975
81,Test User 81,21,M,Librarian,808914
82,Test User 82,22,M,Librarian,523363
83,Test User 83,34,M,Doctor,324707
84,Test User 84,16,M,Marketing,876550
85,Test User 85,18,M,Teacher,656664
86,Test User 86,36,F,Doctor,248154
87,Test User 87,44,M,Writer,466001
88,Test User 88,36,F,Other,535914
89,Test User 89,18,M,Other,393973
90,Test User 90,31,M,Administrator,499352
91,Test User 91,25,F,Programmer,903974
92,Test User 92,30,M,None,257810
93,Test User 93,37,F,None,946816
94,Test User 94,37,M,Marketing,439805
95,Test User 95,16,M,HomeMaker,494335
96,Test User 96,33,F,BusinessMan,473290
97,Test User 97,24,F,BusinessMan,430908
98,Test User 98,22,F,Artist,728603
99,Test User 99,32,M,Technician,625802
100,Test User 100,22,M,Writer,114824
